time,angle,rep_count,pain_level
430.7172248363495,82.28811014147146,0,7
431.01660990715027,80.10851379462308,0,7
431.45313358306885,78.00826804366979,0,7
432.51516461372375,76.11051522215676,0,7
